City_ID,City,Country,Lat,Lng,Max Temp,Humidity,Cloudiness,Wind Speed,Weather Description
0,Souillac,GA,-20.5167,57.5167,69.58,66,72,13.65,broken clouds
1,Hobart,GA,-42.8794,147.3294,41.25,91,20,1.14,few clouds
2,Namibe,GA,-15.1961,12.1522,62.67,89,23,1.68,few clouds
3,San Matias,GA,-16.3667,-58.4,83.97,26,35,4.38,scattered clouds
4,Moorhead,GA,46.8739,-96.7676,85.98,40,0,10.36,clear sky
5,Uige,GA,-7.6087,15.0613,66.49,71,61,2.75,broken clouds
6,Pericos,GA,25.05,-107.7,103.91,43,15,13.35,few clouds
7,Kapaa,GA,22.0752,-159.319,84.52,69,40,16.11,scattered clouds
8,Saldanha,GA,-33.0117,17.9442,54.21,79,98,11.43,overcast clouds
9,Cidreira,GA,-30.1811,-50.2056,62.53,91,92,2.1,overcast clouds
10,Bara,GA,10.3744,10.7288,74.62,86,67,8.41,broken clouds
11,Rikitea,GA,-23.1203,-134.9692,74.41,80,93,22.46,light rain
12,Bluff,GA,-46.6,168.3333,41.81,82,88,8.1,overcast clouds
13,Mataura,GA,-46.1927,168.8643,41.49,95,100,0.58,overcast clouds
14,Hermanus,GA,-34.4187,19.2345,53.15,76,100,3.98,overcast clouds
15,Tazovskiy,GA,67.4667,78.7,43.48,85,100,4,overcast clouds
16,Hilo,GA,19.7297,-155.09,84.27,91,75,5.75,moderate rain
17,Busselton,GA,-33.65,115.3333,57.63,80,66,9.8,broken clouds
18,Dikson,GA,73.5069,80.5464,42.35,95,100,17.27,light rain
19,Bethel,GA,41.3712,-73.414,91.51,66,0,10.36,clear sky
20,New Norfolk,GA,-42.7826,147.0587,40.91,96,2,3.76,clear sky
21,Dalby,GA,-27.1833,151.2667,53.98,97,100,3,overcast clouds
22,Dwarka,GA,22.2394,68.9678,82.8,81,100,18.79,overcast clouds
23,Nikolskoye,GA,59.7035,30.7861,62.49,85,0,2.24,clear sky
24,Anloga,GA,5.7947,0.8973,75.25,80,12,12.93,few clouds
25,Punta Arenas,GA,-53.15,-70.9167,32.11,93,20,20.71,light rain
26,Anadyr,GA,64.75,177.4833,52.3,57,40,13.42,scattered clouds
27,Anjozorobe,GA,-18.4,47.8667,50.97,93,85,6.78,overcast clouds
28,Ponta Do Sol,GA,32.6667,-17.1,71.71,81,3,7.76,clear sky
29,Kristiansund,GA,63.1115,7.732,52.45,82,100,13.8,overcast clouds
30,Port Alfred,GA,-33.5906,26.891,57.58,75,0,7.81,clear sky
31,Alta Floresta,GA,-9.8756,-56.0861,80.33,33,0,1.07,clear sky
32,Rawson,GA,-43.3002,-65.1023,45.16,55,100,13.69,overcast clouds
33,Ushuaia,GA,-54.8,-68.3,29.86,100,75,20.71,heavy snow
34,Arraial Do Cabo,GA,-22.9661,-42.0278,71.11,81,1,12.95,clear sky
35,Vardo,GA,70.3705,31.1107,53.58,100,100,3.44,moderate rain
36,Coihaique,GA,-45.5752,-72.0662,31.95,86,40,3.44,scattered clouds
37,Flinders,GA,-34.5833,150.8552,54.37,90,93,7,light rain
38,Avarua,GA,-21.2078,-159.775,73.45,73,75,12.66,broken clouds
39,Synya,GA,65.3718,58.0387,45.03,69,5,6.02,clear sky
40,Mount Gambier,GA,-37.8333,140.7667,47.77,86,100,9.57,overcast clouds
41,Sabi,GA,13.2333,-14.2,75.38,96,100,6.26,heavy intensity rain
42,Boyolangu,GA,-8.1181,111.8935,74.19,88,100,6.93,overcast clouds
43,Beringovskiy,GA,63.05,179.3167,49.68,62,28,11.43,scattered clouds
44,Deputatskiy,GA,69.3,139.9,46.74,69,11,7.96,few clouds
45,Itarema,GA,-2.9248,-39.9167,78.96,78,45,14.34,scattered clouds
46,Vaini,GA,-21.2,-175.2,73.99,77,40,9.55,scattered clouds
47,Waipawa,GA,-41.4122,175.5153,45.79,73,98,13.51,overcast clouds
48,Collie,GA,-33.3667,116.15,49.98,95,50,2.77,scattered clouds
49,Estacion Coahuila,GA,32.1939,-115.0017,111.47,16,99,7.27,overcast clouds
50,Atuona,GA,-9.8,-139.0333,77.4,73,14,16.15,few clouds
51,Berdigestyakh,GA,62.0989,126.6992,62.96,95,81,6.13,broken clouds
52,Huarmey,GA,-10.0681,-78.1522,64.38,79,22,10.56,few clouds
53,Yellowknife,GA,62.456,-114.3525,63.82,52,98,8.01,overcast clouds
54,Bambous Virieux,GA,-20.3428,57.7575,69.22,67,89,17.22,overcast clouds
55,Newport,GA,51.5877,-2.9984,68.45,70,88,4.79,overcast clouds
56,Mahebourg,GA,-20.4081,57.7,69.26,67,81,16.98,broken clouds
57,Leningradskiy,GA,69.3833,178.4167,35.55,99,100,9.15,light rain
58,Albany,GA,42.6001,-73.9662,91.36,52,25,1.01,scattered clouds
59,Belyy Yar,GA,53.6039,91.3903,55.85,94,0,0,clear sky
60,Tabou,GA,4.423,-7.3528,75.43,74,100,7.72,overcast clouds
61,Vao,GA,-22.6667,167.4833,73.62,90,32,18.66,scattered clouds
62,Bud,GA,39.447,-86.1758,90.93,50,0,7.67,clear sky
63,Yarmouth,GA,41.7057,-70.2286,81.61,91,100,12.66,mist
64,Henties Bay,GA,-22.116,14.2845,58.91,69,0,5.06,clear sky
65,Port Elizabeth,GA,-33.918,25.5701,50.31,95,1,1.01,clear sky
66,Lokachi,GA,50.737,24.6494,64.74,84,7,4.23,clear sky
67,Puerto Ayora,GA,-0.7393,-90.3518,78.76,89,54,5.99,broken clouds
68,Balykshi,GA,47.0667,51.8667,75.2,57,40,4.47,scattered clouds
69,Jamestown,GA,42.097,-79.2353,83.05,54,0,14.97,clear sky
70,Atambua,GA,-9.1061,124.8925,68.76,87,95,6.85,overcast clouds
71,Srednekolymsk,GA,67.45,153.6833,52.2,43,0,9.28,clear sky
72,Puerto Palomas,GA,31.7667,-107.6167,100.94,15,36,5.7,scattered clouds
73,Katsuura,GA,35.1333,140.3,80.62,87,46,14.85,scattered clouds
74,Sitka,GA,57.0531,-135.33,57.09,82,100,0,overcast clouds
75,Tuatapere,GA,-46.1333,167.6833,43.92,92,99,2.51,overcast clouds
76,Singapore,GA,1.2897,103.8501,78.84,94,75,1.14,broken clouds
77,Khakhea,GA,-24.6895,23.494,59.99,45,52,6.76,broken clouds
78,Yar-Sale,GA,66.8333,70.8333,44.33,82,100,11.95,light rain
79,Kirakira,GA,-10.4544,161.9205,82.17,77,97,2.84,overcast clouds
80,Panguma,GA,8.1833,-11.1333,70,99,85,2.75,overcast clouds
81,Inirida,GA,3.8653,-67.9239,77.22,96,94,2.21,overcast clouds
82,Casper,GA,42.8666,-106.3131,93.81,15,1,5.01,clear sky
83,Luderitz,GA,-26.6481,15.1594,64.18,48,0,5.7,clear sky
84,Jeremie,GA,18.65,-74.1167,84.97,67,60,5.08,broken clouds
85,Eureka,GA,40.8021,-124.1637,67.19,79,68,8.01,broken clouds
86,Labuhan,GA,-6.8844,112.2051,75.2,84,93,8.88,overcast clouds
87,Falmouth,GA,50.1544,-5.0711,59.58,72,0,8.05,clear sky
88,Airai,GA,-8.9266,125.4092,54.41,92,97,4.07,overcast clouds
89,Poum,GA,-20.2333,164.0167,77.32,85,99,25.61,overcast clouds
90,Barra,GA,-11.0894,-43.1417,76.24,43,23,4.79,few clouds
91,Hithadhoo,GA,-0.6,73.0833,80.51,73,100,8.12,moderate rain
92,Kavieng,GA,-2.5744,150.7967,81.57,79,100,11.18,light rain
93,Lengshuitan,GA,26.4111,111.5956,77.54,88,22,5.93,few clouds
94,Botwood,GA,49.1499,-55.3482,74.89,58,49,7.49,scattered clouds
95,Tasiilaq,GA,65.6145,-37.6368,41.16,78,80,0.98,broken clouds
96,Sanbu,GA,33.4594,119.1453,75.06,87,0,2.17,clear sky
97,Khatanga,GA,71.9667,102.5,51.26,83,100,14.41,overcast clouds
98,Chokurdakh,GA,70.6333,147.9167,51.13,38,0,8.68,clear sky
99,Aktau,GA,43.65,51.2,77.58,53,68,21.59,broken clouds
100,Aykhal,GA,66,111.5,54.82,85,100,1.66,overcast clouds
101,Orlik,GA,52.5178,99.825,47.71,86,89,1.01,overcast clouds
102,Castro,GA,-24.7911,-50.0119,59.88,84,46,2.71,scattered clouds
103,Cestas,GA,44.7435,-0.6791,74.86,68,0,6.91,clear sky
104,Cape Town,GA,-33.9258,18.4232,53.91,84,100,3,overcast clouds
105,Walvis Bay,GA,-22.9575,14.5053,61.7,52,0,3.13,clear sky
106,Charters Towers,GA,-20.1,146.2667,57.02,82,2,6.85,clear sky
107,Pirovskoye,GA,57.6267,92.2658,55.65,96,100,6.49,overcast clouds
108,Georgetown,GA,5.4112,100.3354,80.89,91,20,1.14,few clouds
109,Bengkulu,GA,-3.8004,102.2655,74.79,90,85,4.52,overcast clouds
110,Amazar,GA,53.858,120.875,67.03,87,60,2.33,broken clouds
111,Codrington,GA,-38.2667,141.9667,46.51,86,80,11.05,broken clouds
112,Ostrovnoy,GA,68.0531,39.5131,54.25,85,95,5.03,overcast clouds
113,Pacific Grove,GA,36.6177,-121.9166,81.55,81,0,10.36,clear sky
114,Lata,GA,40.1629,-8.3327,59.54,95,37,2.08,scattered clouds
115,Zaoyang,GA,32.1272,112.7542,79.21,92,93,11.03,overcast clouds
116,Hofn,GA,64.2539,-15.2082,50.61,89,35,1.92,scattered clouds
117,Cabo San Lucas,GA,22.8909,-109.9124,99.18,38,0,6.91,clear sky
118,Challans,GA,46.8436,-1.8749,66.4,85,8,8.9,clear sky
119,Iqaluit,GA,63.7506,-68.5145,42.53,100,40,3.44,fog
120,Norman Wells,GA,65.282,-126.8329,76.14,43,28,5.79,scattered clouds
121,Margate,GA,51.3813,1.3862,64.9,78,16,5.01,few clouds
122,Gunzenhausen,GA,49.1,10.75,68.49,69,4,2.91,clear sky
123,San Luis,GA,-33.295,-66.3356,58.39,32,0,10.04,clear sky
124,Kodiak,GA,57.79,-152.4072,54.91,82,100,6.91,overcast clouds
125,Mayo,GA,38.8876,-76.5119,94.35,69,75,12.66,light rain
126,Puerto Escondido,GA,15.85,-97.0667,85.15,75,99,4.88,overcast clouds
127,Imbituba,GA,-28.24,-48.6703,69.1,87,14,10.16,few clouds
128,Qaanaaq,GA,77.484,-69.3632,43.25,90,100,9.55,light rain
129,Namatanai,GA,-3.6667,152.4333,81.59,74,81,5.77,broken clouds
130,Laguna,GA,38.421,-121.4238,102.31,25,0,9.22,clear sky
131,Salalah,GA,17.0151,54.0924,77.09,94,100,5.75,overcast clouds
132,Pitogo,GA,13.7847,122.0881,78.21,89,26,3.13,scattered clouds
133,Santa Rosa,GA,14.3122,121.1114,79.02,86,52,3.51,broken clouds
134,Gelemso,GA,8.8167,40.5167,59.95,83,66,5.06,broken clouds
135,Lufilufi,GA,-13.8745,-171.5986,83.79,73,30,17,scattered clouds
136,Touros,GA,-5.1989,-35.4608,76.14,82,100,9.1,overcast clouds
137,Beidao,GA,34.5686,105.8933,60.08,96,100,1.16,overcast clouds
138,Pisco,GA,-13.7,-76.2167,62.65,77,100,14.97,overcast clouds
139,Boysun,GA,38.2061,67.1986,81.5,21,0,4.92,clear sky
140,Zhezkazgan,GA,47.8043,67.7144,75.63,38,17,9.69,few clouds
141,Chapais,GA,49.7834,-74.8492,67.78,90,100,13.15,overcast clouds
142,Severodvinsk,GA,64.5635,39.8302,57.31,91,9,5.64,clear sky
143,Vagur,GA,61.4732,-6.8119,49.89,86,15,1.99,few clouds
144,Bilibino,GA,68.0546,166.4372,45.12,59,98,6.13,overcast clouds
145,Bontang,GA,0.1333,117.5,78.1,85,73,1.61,broken clouds
146,Giyani,GA,-23.3025,30.7187,60.91,81,9,3.24,light rain
147,Ribeira Grande,GA,38.5167,-28.7,73.78,85,48,2.46,scattered clouds
148,Sao Filipe,GA,14.8961,-24.4956,74.97,86,90,6.42,overcast clouds
149,Rodrigues Alves,GA,-7.738,-72.6509,84.2,52,24,1.79,few clouds
150,Coralville,GA,41.6764,-91.5805,90.9,50,0,16.11,clear sky
151,Ozinki,GA,51.1786,49.6769,63.39,81,70,5.99,light rain
152,Hue,GA,16.4667,107.6,77.11,94,20,2.3,few clouds
153,Talca,GA,-35.4333,-71.6667,53.26,86,25,3.6,scattered clouds
154,Eirunepe,GA,-6.6603,-69.8736,83.46,59,66,1.86,broken clouds
155,Severo-Kurilsk,GA,50.6789,156.125,53.64,96,100,25.55,heavy intensity rain
156,Butaritari,GA,3.0707,172.7902,81.12,74,62,5.91,broken clouds
157,Qaqortoq,GA,60.7167,-46.0333,49.75,78,9,6.17,clear sky
158,Betioky,GA,-23.7167,44.3833,64.8,62,33,6.13,scattered clouds
159,Hasaki,GA,35.7333,140.8333,81.28,89,78,16.96,broken clouds
160,Barrow,GA,71.2906,-156.7887,46.42,76,40,26.46,scattered clouds
161,Saint-Philippe,GA,-21.3585,55.7679,65.21,84,52,13.27,light rain
162,Avigliana,GA,45.0771,7.3986,83.79,52,0,6.51,clear sky
163,Yining,GA,29.0361,114.5636,77.92,89,92,2.01,overcast clouds
164,Zafra,GA,38.4167,-6.4167,81.63,24,74,6.2,broken clouds
165,Mar Del Plata,GA,-38.0023,-57.5575,51.1,60,0,5.75,clear sky
166,Provideniya,GA,64.3833,-173.3,42.91,87,100,17.9,light rain
167,Los Llanos De Aridane,GA,28.6585,-17.9182,67.75,83,20,16.11,few clouds
168,Tarpon Springs,GA,28.1461,-82.7568,91.96,70,0,5.99,clear sky
169,Shengjin,GA,41.8136,19.5939,75.7,58,0,4.63,clear sky
170,Dunedin,GA,-45.8742,170.5036,48.79,90,93,1.01,overcast clouds
171,Torbay,GA,47.6666,-52.7314,73.89,73,87,4,overcast clouds
172,Mahoba,GA,25.2833,79.8667,81.39,82,100,5.93,overcast clouds
173,Miri,GA,4.4148,114.0089,74.7,97,97,6.58,overcast clouds
174,San Cristobal,GA,7.7669,-72.225,71.78,71,87,5.23,overcast clouds
175,Innisfail,GA,-17.5333,146.0333,65.7,86,6,4.9,clear sky
176,Dasoguz,GA,41.8363,59.9666,92.19,17,0,7.99,clear sky
177,Taveta,GA,-3.3963,37.6736,65.3,78,77,5.35,broken clouds
178,Dalvik,GA,65.9702,-18.5286,52.39,80,100,1.81,overcast clouds
179,Kutum,GA,14.2,24.6667,75.09,57,96,6.51,overcast clouds
180,Nanortalik,GA,60.1432,-45.2371,50.25,75,2,9.75,clear sky
181,Saint-Augustin,GA,51.226,-58.6502,71.46,51,87,6.98,overcast clouds
182,Chuy,GA,-33.6971,-53.4616,52.25,89,90,7.38,overcast clouds
183,Dumka,GA,24.2667,87.25,81.5,83,100,5.03,overcast clouds
184,Chadiza,GA,-14.0678,32.4392,58.82,65,26,3.4,scattered clouds
185,Praya,GA,14.9215,-23.5087,75.94,84,85,7.02,overcast clouds
186,Hackettstown,GA,40.854,-74.8291,94.46,49,2,5.75,clear sky
187,Esperance,GA,-33.8667,121.9,53.37,78,66,17.49,broken clouds
188,Carnarvon,GA,-24.8667,113.6333,61.02,75,51,17.31,broken clouds
189,San Patricio,GA,28.017,-97.5169,97.16,44,17,19.46,few clouds
190,Ilulissat,GA,69.2167,-51.1,51.82,82,100,8.05,overcast clouds
191,Axim,GA,4.8699,-2.2405,73.92,74,43,6.89,scattered clouds
192,Tarare,GA,45.8976,4.4327,72.93,65,0,1.88,clear sky
193,Mugla,GA,37.2303,28.3557,65.97,41,0,7.25,clear sky
194,Upernavik,GA,72.7868,-56.1549,45.32,96,100,13.76,overcast clouds
195,Ribeira Brava,GA,32.65,-17.0667,71.71,83,3,7.72,clear sky
196,Abay,GA,49.6311,72.8539,53.98,61,47,2.46,scattered clouds
197,Lebu,GA,-37.6167,-73.65,51.03,89,99,10.09,light rain
198,Shar,GA,49.5886,81.0453,66.96,87,84,7.02,broken clouds
199,Komsomolskiy,GA,40.4272,71.7189,79.52,38,0,6.91,clear sky
200,Victoria,GA,22.2855,114.1577,86.18,81,0,1.99,clear sky
201,East London,GA,-33.0153,27.9116,58.93,77,3,6.69,clear sky
202,Bom Jesus,GA,-9.0744,-44.3586,78.62,35,22,5.19,few clouds
203,Salina,GA,38.8403,-97.6114,103.01,29,0,17.27,clear sky
204,Celestun,GA,20.8667,-90.4,85.41,69,3,15.95,clear sky
205,Khanpur,GA,28.6453,70.6567,84.79,73,100,8.01,moderate rain
206,Saskylakh,GA,71.9167,114.0833,49.69,68,100,7.18,overcast clouds
207,Bredasdorp,GA,-34.5322,20.0403,47.44,87,100,2.28,overcast clouds
208,Sumbawanga,GA,-7.9667,31.6167,57.7,63,83,4.5,broken clouds
209,Ouesso,GA,1.6136,16.0517,70.63,97,90,1.63,light rain
210,Yulara,GA,-25.2406,130.9889,47.71,43,0,6.49,clear sky
211,Impfondo,GA,1.6381,18.0667,71.82,97,90,2.44,moderate rain
212,Havre-Saint-Pierre,GA,50.2334,-63.5986,62.96,72,100,8.05,overcast clouds
213,Xiamen,GA,24.4798,118.0819,83.25,84,5,4.63,clear sky
214,Aripuana,GA,-9.1667,-60.6333,83.12,43,9,1.23,clear sky
215,Nalut,GA,30.3333,10.85,83.97,21,0,10.4,clear sky
216,Yerofey Pavlovich,GA,53.9667,121.9667,65.59,89,39,1.99,scattered clouds
217,Kaitangata,GA,-46.2817,169.8464,44.08,88,96,2.64,overcast clouds
218,Acapulco,GA,16.8634,-99.8901,87.62,74,40,6.91,scattered clouds
219,Fort Nelson,GA,58.8053,-122.7002,66.79,38,83,12.66,broken clouds
220,Mongo,GA,12.1844,18.693,80.74,72,98,2.06,light rain
221,Thompson,GA,55.7435,-97.8558,59.4,76,100,7,overcast clouds
222,Bam,GA,29.106,58.357,91.49,17,20,6.55,few clouds
223,San Quintin,GA,30.4833,-115.95,74.17,69,100,16.24,overcast clouds
224,Gorontalo,GA,0.5412,123.0595,73.58,94,18,2.26,few clouds
225,Houma,GA,29.5958,-90.7195,84.99,84,75,1.99,broken clouds
226,Narsaq,GA,60.9167,-46.05,59.22,78,13,6.64,few clouds
227,Ambovombe,GA,-25.1667,46.0833,66.7,69,0,2.8,clear sky
228,Tual,GA,-5.6667,132.75,78.53,70,95,19.35,overcast clouds
229,Sorong,GA,-0.8833,131.25,77.97,89,15,10.83,few clouds
230,Bulawayo,GA,-20.15,28.5833,54.43,76,55,8.95,broken clouds
231,Yumen,GA,40.2833,97.2,67.15,26,0,7.83,clear sky
232,Lagoa,GA,39.05,-27.9833,72.16,88,95,4.23,overcast clouds
233,Lasa,GA,46.6166,10.7002,71.37,86,48,2.51,scattered clouds
234,Ianca,GA,45.1333,27.45,67.57,30,0,5.61,clear sky
235,Kontagora,GA,10.3999,5.4695,74.66,87,100,2.1,overcast clouds
236,Dire Dawa,GA,9.5931,41.8661,72.46,61,39,18.66,scattered clouds
237,Tiznit,GA,29.5833,-9.5,89.35,21,30,2.33,scattered clouds
238,Rio Pardo De Minas,GA,-15.6097,-42.5397,65.73,49,8,5.03,clear sky
239,Ugoofaaru,GA,5.6667,73,82.27,74,100,18.57,overcast clouds
240,Karangampel,GA,-6.4622,108.4519,77.63,78,77,8.21,broken clouds
241,Te Anau,GA,-45.4167,167.7167,37.53,93,61,0.94,broken clouds
242,Faya,GA,18.3851,42.4509,64.92,56,84,3.4,broken clouds
243,Aden,GA,12.7794,45.0367,82.4,72,54,12.08,broken clouds
244,Taoudenni,GA,22.6783,-3.9836,89.8,42,54,16.51,light rain
245,Caxito,GA,-8.5785,13.6643,65.71,91,32,2.8,scattered clouds
246,Saint-Francois,GA,46.4154,3.9054,65.64,77,0,2.3,clear sky
247,Boli,GA,45.7667,130.5167,65.32,99,57,3.11,broken clouds
248,Zaozerne,GA,45.1582,33.2787,71.02,66,0,12.48,clear sky
249,Sisimiut,GA,66.9395,-53.6735,48.33,83,99,12.1,overcast clouds
250,Ushtobe,GA,45.2514,77.9838,76.75,27,0,6.8,clear sky
251,Elko,GA,41.0002,-115.5012,97.74,10,5,15.99,clear sky
252,Raga,GA,8.4596,25.678,68.52,96,100,2.06,overcast clouds
253,Esso,GA,55.9333,158.7,67.14,72,13,7.27,few clouds
254,Praia Da Vitoria,GA,38.7333,-27.0667,73.76,90,95,1.83,overcast clouds
255,Candolim,GA,15.5181,73.7626,79.32,84,100,8.14,overcast clouds
256,Pevek,GA,69.7008,170.3133,32.16,100,100,10.63,snow
257,Belmonte,GA,-15.8631,-38.8828,71.73,86,70,5.84,broken clouds
258,Teacapan,GA,22.55,-105.75,90.27,65,11,9.35,few clouds
259,Tarko-Sale,GA,64.9225,77.785,47.03,78,99,8.12,overcast clouds
260,Cairns,GA,-16.9167,145.7667,70.07,90,4,1.14,clear sky
261,Pimentel,GA,-6.8367,-79.9342,68.29,64,0,16.11,clear sky
262,Gumrak,GA,48.7826,44.3824,58.91,72,0,0,clear sky
263,Novosokolniki,GA,56.3463,30.1578,57.43,93,18,2.82,few clouds
264,Bumba,GA,2.1833,22.4667,71.58,95,96,0.31,light rain
265,Bela,GA,25.9333,81.9833,83.64,77,100,5.26,overcast clouds
266,Lewiston,GA,44.1003,-70.2148,79.9,89,20,9.22,few clouds
267,Dingle,GA,10.9995,122.6711,77.36,92,100,5.97,overcast clouds
268,Morehead,GA,37.2711,-87.1764,91.85,49,0,5.75,clear sky
269,Temyasovo,GA,52.9933,58.1014,52.48,88,67,2.89,broken clouds
270,Saint George,GA,37.1041,-113.5841,112.62,11,0,11.01,clear sky
271,Pandan,GA,14.0453,124.1694,81.27,85,21,6.24,few clouds
272,Ambilobe,GA,-13.2,49.05,65.39,73,25,4.99,scattered clouds
273,Andenes,GA,69.3143,16.1194,53.92,87,100,3.44,overcast clouds
274,Sao Joao Da Barra,GA,-21.6403,-41.0511,70.3,84,6,10.13,clear sky
275,Dubbo,GA,-32.25,148.6167,46.53,87,50,12.66,scattered clouds
276,Mitchell,GA,43.7094,-98.0298,89.58,29,0,0,clear sky
277,Great Falls,GA,47.5002,-111.3008,92.66,12,0,13.11,clear sky
278,Waingapu,GA,-9.6567,120.2641,73.6,83,93,12.03,overcast clouds
279,Tupelo,GA,34.2576,-88.7034,97.09,56,40,9.22,scattered clouds
280,Tautira,GA,-17.7333,-149.15,75.16,77,19,9.8,light rain
281,Chimoio,GA,-19.1164,33.4833,57.65,95,33,2.37,light rain
282,Juneau,GA,58.3019,-134.4197,60.22,95,100,8.05,light rain
283,Saviese,GA,46.2511,7.3456,72.3,53,0,6.91,clear sky
284,Yenagoa,GA,4.9247,6.2642,74.55,89,87,3.24,overcast clouds
285,Husavik,GA,66.0449,-17.3389,50.31,80,84,3.85,broken clouds
286,Altamira,GA,-3.2033,-52.2064,79.39,67,98,0.85,overcast clouds
287,Talpa,GA,28.8257,-111.6257,110.16,33,2,5.01,clear sky
288,Golden,GA,39.7555,-105.2211,96.15,22,76,7,broken clouds
289,Cherskiy,GA,68.75,161.3,45.05,50,99,11.59,overcast clouds
290,Klaksvik,GA,62.2266,-6.589,49.12,88,34,3,scattered clouds
291,Florianopolis,GA,-27.6146,-48.5012,65.7,83,0,14.97,clear sky
292,Yashkino,GA,55.8736,85.4265,56.21,99,100,9.28,light rain
293,Dharchula,GA,29.85,80.5333,72,94,100,1.05,overcast clouds
294,Longyearbyen,GA,78.2186,15.6401,49.84,87,75,3.44,broken clouds
295,Faanui,GA,-16.4833,-151.75,77.47,73,11,11.14,few clouds
296,Jinchang,GA,38.4953,102.1739,59.34,50,0,8.46,clear sky
297,Noumea,GA,-22.2763,166.4572,78.78,99,47,10.09,scattered clouds
298,Jining,GA,35.405,116.5814,73.87,83,43,3.76,scattered clouds
299,Port Stanley,GA,-51.7,-57.85,28.69,76,60,14.67,broken clouds
300,Carutapera,GA,-1.195,-46.02,76.6,88,60,7.56,broken clouds
301,Changping,GA,40.2186,116.2197,74.84,69,96,1.52,overcast clouds
302,Lompoc,GA,34.6391,-120.4579,89.78,68,0,16.11,clear sky
303,Tirano,GA,46.2154,10.1679,78.4,42,6,4.21,clear sky
304,Matoury,GA,4.8483,-52.3317,83.01,83,20,1.14,few clouds
305,Qui Nhon,GA,13.7667,109.2333,76.33,86,100,4.32,overcast clouds
306,Palmer,GA,42.1584,-72.3287,88.41,59,20,16.11,few clouds
307,Bang Saphan,GA,11.2126,99.5117,75.07,93,100,2.64,light rain
308,Savannah Bight,GA,16.45,-85.85,82.78,79,16,20.15,few clouds
309,Zhob,GA,31.3411,69.4481,76.75,64,100,1.81,overcast clouds
310,Alihe,GA,50.5667,123.7167,65.44,96,25,1.77,scattered clouds
311,Tabas,GA,33.5959,56.9244,91.06,11,0,5.03,clear sky
312,Huntsville,GA,34.7304,-86.5861,96.4,63,40,6.91,scattered clouds
313,Sherlovaya Gora,GA,50.5667,116.25,64.92,76,51,5.57,broken clouds
314,Camana,GA,-16.6228,-72.7111,61.5,81,84,6.93,broken clouds
315,Bechem,GA,7.0903,-2.025,72.86,81,97,0.83,overcast clouds
316,Wasilla,GA,61.5814,-149.4394,58.84,80,100,11.5,light rain
317,Zaozhuang,GA,34.8647,117.5542,74.66,81,23,0.98,few clouds
318,Abnub,GA,27.2696,31.1511,85.33,27,0,18.07,clear sky
319,Pangoa,GA,-12.1167,-73,79.34,64,18,2.13,few clouds
320,Kieta,GA,-6.2167,155.6333,81.27,72,98,1.5,overcast clouds
321,Jorhat,GA,26.75,94.2167,78.24,94,100,4.85,overcast clouds
322,Arinos,GA,-15.9169,-46.1056,72.39,41,15,3.29,few clouds
323,Lima,GA,-12.0432,-77.0282,59.25,72,100,6.91,overcast clouds
324,Micheweni,GA,-4.9667,39.8333,74.91,77,3,15.75,clear sky
325,Tiksi,GA,71.6872,128.8694,41.41,82,90,8.32,overcast clouds
326,Nampula,GA,-15.1165,39.2666,64.35,88,0,0,clear sky
327,Camacha,GA,33.0833,-16.3333,67.42,68,75,12.66,broken clouds
328,Quatre Cocos,GA,-20.2078,57.7625,69.1,69,90,17.58,overcast clouds
329,Kaluga,GA,54.5,35.5,54.97,91,23,11.3,few clouds
330,Seoul,GA,37.5683,126.9778,74.64,89,21,1.12,few clouds
331,Ewa Beach,GA,21.3156,-158.0072,84.15,61,75,19.57,broken clouds
332,Zolotukhino,GA,52.0842,36.3772,55.47,97,33,11.56,scattered clouds
333,Mosquera,GA,4.7059,-74.2302,59.09,77,40,3.44,scattered clouds
334,Naze,GA,28.3667,129.4833,81.27,86,30,13.33,scattered clouds
335,Locri,GA,38.2414,16.2623,77.32,57,0,9.62,clear sky
336,Ketchikan,GA,55.3422,-131.6461,63.07,67,100,6.91,overcast clouds
337,Menongue,GA,-14.6585,17.691,52.5,42,5,3.44,clear sky
338,Clyde River,GA,70.4692,-68.5914,37.63,95,100,2.71,overcast clouds
339,Washington,GA,47.5001,-120.5015,94.78,20,67,6.15,broken clouds
340,Marzuq,GA,14.4,46.4667,77.49,60,7,6.6,clear sky
341,Maniitsoq,GA,65.4167,-52.9,46.83,86,97,13.65,overcast clouds
342,La Primavera,GA,5.4906,-70.4092,77.4,86,99,3.62,overcast clouds
343,Mapiripan,GA,2.8892,-72.1256,76.28,82,83,4.9,broken clouds
344,Talnakh,GA,69.4865,88.3972,52.21,81,12,5.5,few clouds
345,Chabahar,GA,25.2919,60.643,83.14,81,96,9.66,overcast clouds
346,Ludvika,GA,60.1496,15.1878,75,88,100,6.62,heavy intensity rain
347,Fare,GA,-16.7,-151.0167,76.78,74,8,11.43,clear sky
348,Chakia,GA,26.4167,85.05,81,86,100,8.48,overcast clouds
349,Atikokan,GA,48.7555,-91.6216,76.17,38,74,10.56,broken clouds
350,Usinsk,GA,65.9939,57.5281,42.73,72,15,10.85,few clouds
351,Bay Roberts,GA,47.5999,-53.2648,74.66,77,78,10,broken clouds
352,Casablanca,GA,33.5928,-7.6192,80.82,65,41,6.76,scattered clouds
353,Ngunguru,GA,-35.6167,174.5,53.73,77,33,8.52,scattered clouds
354,Puerto El Triunfo,GA,13.2833,-88.55,85.44,68,76,7.14,broken clouds
355,Urubicha,GA,-15.3833,-62.95,77.92,41,2,2.98,clear sky
356,Acari,GA,-15.4311,-74.6158,66.15,71,29,6.49,scattered clouds
357,Ndola,GA,-12.9587,28.6366,58.6,64,15,7.07,few clouds
358,Korla,GA,41.7597,86.1469,75.2,33,0,2.93,clear sky
359,Sarh,GA,9.1429,18.3923,74.61,84,96,2.55,overcast clouds
360,Fatezh,GA,52.0891,35.8632,55.38,96,11,11.54,few clouds
361,Grand Gaube,GA,-20.0064,57.6608,69.39,71,98,8.99,overcast clouds
362,Manoel Urbano,GA,-8.8389,-69.2597,82.96,49,4,0.98,clear sky
363,Mandalgovi,GA,45.7625,106.2708,57.38,61,100,12.24,overcast clouds
364,Sonoita,GA,31.85,-112.8333,101.75,24,62,7.23,broken clouds
365,Los Aquijes,GA,-14.0967,-75.6908,73.58,43,0,6.38,clear sky
366,Tubuala,GA,9.5167,-79.0333,75.85,86,100,3.76,overcast clouds
367,Jalu,GA,29.0331,21.5482,77.97,53,0,15.61,clear sky
368,Surt,GA,31.2089,16.5887,78.8,65,0,8.25,clear sky
369,Nchelenge,GA,-9.3451,28.734,69.12,59,48,4.36,scattered clouds
370,Amapa,GA,1,-52,77.83,79,90,2.82,overcast clouds
371,Les Cayes,GA,18.2,-73.75,84.54,70,61,9.4,broken clouds
372,Bom Jesus Do Galho,GA,-19.8289,-42.3161,61.39,59,70,3.31,broken clouds
373,Umtata,GA,-31.5889,28.7844,53.53,84,95,2.77,overcast clouds
374,Shihezi,GA,44.3,86.0333,73.36,26,0,3.87,clear sky
375,Disna,GA,55.568,28.1971,61.29,91,40,5.26,scattered clouds
376,Dicabisagan,GA,17.0818,122.4157,80.04,88,13,1.77,few clouds
377,Kavaratti,GA,10.5669,72.642,80.92,77,100,21.36,overcast clouds
378,Kindu,GA,-2.95,25.95,70.7,83,46,2.39,scattered clouds
379,Saint-Michel-Des-Saints,GA,46.6834,-73.9159,71.69,87,34,12.3,light rain
380,Iraucuba,GA,-3.7461,-39.7833,78.22,63,74,5.77,broken clouds
381,Rybinsk,GA,58.0446,38.8426,55.98,87,18,5.82,few clouds
382,Tornio,GA,65.8481,24.1466,62.62,95,73,3.38,broken clouds
383,Palmeira,GA,-25.4294,-50.0064,60.69,83,33,3.36,scattered clouds
384,Fairfield,GA,41.2668,-73.3162,90.37,71,0,10.36,clear sky
385,Tutoia,GA,-2.7619,-42.2744,77.94,79,59,6.8,broken clouds
386,Pochutla,GA,15.7432,-96.4661,89.42,70,100,4.12,overcast clouds
387,Opuwo,GA,-18.0607,13.84,60.49,30,0,8.21,clear sky
388,Omsukchan,GA,62.5333,155.8,54.41,51,0,8.63,clear sky
389,Asosa,GA,10.0667,34.5333,58.69,95,68,3.4,broken clouds
390,Jamame,GA,0.0722,42.7506,73.85,85,72,13.49,light rain
391,Luebo,GA,-5.35,21.4167,78.31,42,66,1.83,broken clouds
392,Moscow,GA,55.7522,37.6156,63.23,75,54,9.62,broken clouds
393,Bambanglipuro,GA,-7.95,110.2833,75.13,84,100,9.37,overcast clouds
394,Soure,GA,-0.7167,-48.5233,78.31,83,82,7.38,moderate rain
395,Chernogorsk,GA,53.8236,91.2842,58.57,82,0,4.47,clear sky
396,Necochea,GA,-38.5473,-58.7368,45.16,51,89,1.68,overcast clouds
397,Lorengau,GA,-2.0226,147.2712,82.58,76,84,9.51,broken clouds
398,Ponferrada,GA,42.5466,-6.5962,75.27,74,25,3.38,scattered clouds
399,Mount Isa,GA,-20.7333,139.5,44.37,49,0,8.05,clear sky
400,Dauphin,GA,51.1494,-100.0502,77.14,44,40,20.71,scattered clouds
401,Manyana,GA,-23.4,21.7167,54.43,45,5,7.34,clear sky
402,Alamos,GA,27.0167,-108.9333,99.12,34,0,7.34,clear sky
403,Half Moon Bay,GA,37.4636,-122.4286,89.58,70,75,19.57,broken clouds
404,Shebalino,GA,51.2917,85.6772,54.12,96,100,7.02,overcast clouds
405,Pangnirtung,GA,66.1451,-65.7125,42.8,93,100,8.05,overcast clouds
406,Paita,GA,-5.0892,-81.1144,68.68,68,17,14.56,few clouds
407,Papara,GA,-3.9839,-38.7273,75.6,84,90,2.89,overcast clouds
408,Pyay,GA,18.8167,95.2167,77.67,92,100,5.19,overcast clouds
409,Storsteinnes,GA,69.2408,19.2344,52.45,85,71,1.3,broken clouds
410,Aktas,GA,49.7789,72.9608,51.55,58,43,2.57,scattered clouds
411,Somovo,GA,51.741,39.3665,59.5,94,75,8.95,broken clouds
412,Rubizhne,GA,49.0123,38.3797,58.82,85,32,7.56,scattered clouds
413,Inhambane,GA,-23.865,35.3833,67.32,84,0,5.08,clear sky
414,Kempele,GA,64.9131,25.5034,68.02,83,0,4.61,clear sky
415,Luchegorsk,GA,46.4764,134.2569,65.88,96,79,3.15,broken clouds
416,Kuching,GA,1.55,110.3333,75.42,94,40,3.44,moderate rain
417,Poros,GA,37.4994,23.4536,77.86,51,0,10.13,clear sky
418,Mehamn,GA,71.0357,27.8492,58.91,100,100,0,overcast clouds
419,Moryakovskiy Zaton,GA,56.6956,84.6467,61.68,99,97,6.89,light rain
420,Fountain Hills,GA,33.6117,-111.7174,109.58,23,0,8.05,clear sky
421,Oktyabrskiy,GA,54.4815,53.471,58.62,81,100,1.72,overcast clouds
422,Bathsheba,GA,13.2167,-59.5167,83.01,88,20,20.71,few clouds
423,Jonesboro,GA,35.8423,-90.7043,94.03,46,0,8.05,clear sky
424,Salto,GA,-31.3833,-57.9667,65.88,80,90,11.99,overcast clouds
425,Muzhi,GA,65.3667,64.6667,46.38,63,9,11.7,clear sky
426,Sibolga,GA,1.7427,98.7792,75.6,89,99,3.69,overcast clouds
427,Maceio,GA,-9.6658,-35.7353,76.44,88,20,4.61,few clouds
428,Marbella,GA,36.5154,-4.8858,80.26,100,13,3.69,few clouds
429,Nicolas Bravo,GA,18.45,-88.9167,90.25,49,24,8.37,few clouds
430,Samarai,GA,-10.6167,150.6667,80.35,79,19,6.49,few clouds
431,Honiara,GA,-9.4333,159.95,83.16,65,57,3.09,broken clouds
432,Ljungby,GA,56.8332,13.9408,69.17,85,66,6.33,broken clouds
433,Karagaylinskiy,GA,54.172,86.5521,60.35,95,100,11.68,overcast clouds
434,Guerrero Negro,GA,27.9769,-114.0611,79.54,49,6,20.67,clear sky
435,Alta,GA,69.9689,23.2717,54.66,85,100,13.8,overcast clouds
436,Sale,GA,34.0389,-6.8166,75.88,94,44,4.61,scattered clouds
437,Kidal,GA,18.4411,1.4078,87.98,39,67,9.35,broken clouds
438,Nizwa,GA,22.9333,57.5333,84.97,73,72,4.56,broken clouds
439,Mahenge,GA,-8.6833,36.7167,62.44,66,85,3.22,overcast clouds
440,Maltahohe,GA,-24.8333,16.9833,55.17,31,0,9.75,clear sky
441,College,GA,64.8569,-147.8028,66.2,56,100,6.91,overcast clouds
442,Novobiryusinskiy,GA,56.9578,97.7076,58.53,86,100,4.88,light rain
443,Talcahuano,GA,-36.7167,-73.1167,49.68,100,100,5.75,mist
444,Sherghati,GA,24.5667,84.7833,82.98,77,100,0.4,light rain
445,Ahipara,GA,-35.1667,173.1667,57.04,74,81,8.19,broken clouds
446,Ballina,GA,-28.8667,153.5667,59.04,99,100,19.22,light rain
447,Benguela,GA,-12.5763,13.4055,67.84,85,70,4.92,broken clouds
448,Alyangula,GA,-13.8483,136.4192,67.8,62,85,13.98,overcast clouds
449,Bundaberg,GA,-24.85,152.35,63.21,99,100,14.97,light rain
450,Sakaiminato,GA,35.55,133.2333,76.98,83,75,13.8,broken clouds
451,Hambantota,GA,6.1241,81.1185,78.84,82,100,20.67,overcast clouds
452,Serenje,GA,-13.2325,30.2352,55.87,71,35,6.24,scattered clouds
453,Hami,GA,42.8,93.45,72.77,26,0,1.86,clear sky
454,Shingu,GA,33.7333,135.9833,82.11,81,5,1.68,clear sky
455,Fonte Boa,GA,-2.4959,-66.2662,77.72,97,87,1.36,overcast clouds
456,Broken Hill,GA,-31.95,141.4333,45.5,89,58,10.76,broken clouds
457,Port Lincoln,GA,-34.7333,135.8667,55.06,64,100,20.38,overcast clouds
458,Kalemie,GA,-5.9475,29.1947,71.49,68,49,4.09,scattered clouds
459,Chowchilla,GA,37.123,-120.2602,106.02,10,0,12.66,clear sky
460,Lokoja,GA,7.8024,6.743,72.95,95,60,3.74,broken clouds
461,Khorixas,GA,-20.3667,14.9667,63.97,25,0,7.81,clear sky
462,Sabak,GA,3.7675,100.9875,74.28,92,81,2.95,broken clouds
463,Port Hardy,GA,50.6996,-127.4199,59.18,77,40,13.8,scattered clouds
464,Dana Point,GA,33.467,-117.6981,95.9,63,99,4,overcast clouds
465,Ancud,GA,-41.8697,-73.8203,41.23,92,100,5.28,light rain
466,Xiuyan,GA,40.2928,123.2744,69.75,93,49,3.31,scattered clouds
467,North Bend,GA,43.4065,-124.2243,74.25,65,40,12.66,scattered clouds
468,Brigantine,GA,39.4101,-74.3646,89.8,71,75,9.22,light rain
469,The Valley,GA,18.217,-63.0578,84.34,70,20,16.11,few clouds
470,Cap-Haitien,GA,19.7578,-72.2042,82.22,81,45,16.4,scattered clouds
471,Paamiut,GA,61.994,-49.6678,45.64,90,7,8.84,clear sky
472,Medvezhyegorsk,GA,62.9167,34.4667,64.45,72,38,3.83,scattered clouds
473,Sangar,GA,63.9242,127.4739,62.58,98,85,3,light rain
474,Maragheh,GA,37.3917,46.2398,75.16,27,0,0.78,clear sky
475,Shellbrook,GA,53.2168,-106.4011,76.23,42,46,16.28,scattered clouds
476,Vestmannaeyjar,GA,63.4427,-20.2734,51.58,98,100,5.17,overcast clouds
477,Puerto Colombia,GA,10.9878,-74.9547,84.29,80,94,12.37,overcast clouds
478,Lichinga,GA,-13.3128,35.2406,55.31,57,31,6.71,scattered clouds
479,Taltal,GA,-25.4,-70.4833,59.34,83,9,4.12,clear sky
480,Ayan,GA,56.45,138.1667,57.72,91,99,4.7,overcast clouds
481,Hobyo,GA,5.3505,48.5268,75.72,82,21,25.05,few clouds
482,Westport,GA,41.1415,-73.3579,90.63,73,0,8.05,clear sky
483,Baruun-Urt,GA,46.6806,113.2792,70.45,50,97,9.51,light rain
484,Suoyarvi,GA,62.0833,32.35,62.28,78,42,4.43,scattered clouds
485,Changji,GA,44.0167,87.3167,72.39,33,0,4.47,clear sky
486,Sinjar,GA,36.3209,41.8754,85.55,33,0,15.08,clear sky
487,Pandharpur,GA,17.6667,75.3333,76.15,82,100,7.58,overcast clouds
488,Qasigiannguit,GA,68.8193,-51.1922,52.05,95,100,2.84,overcast clouds
489,Huangmei,GA,30.1924,116.025,80.55,91,77,2.26,broken clouds
490,Khani,GA,41.9563,42.9566,58.57,99,98,1.36,overcast clouds
491,Kenmore,GA,47.7573,-122.244,87.76,50,0,10.36,clear sky
492,Wanaka,GA,-44.7,169.15,34.11,87,14,1.99,few clouds
493,Port Moresby,GA,-9.4431,147.1797,77.27,84,44,2.46,scattered clouds
494,Medeiros Neto,GA,-17.3739,-40.2206,68.05,75,0,9.46,clear sky
495,Marsh Harbour,GA,26.5412,-77.0636,83.82,70,15,12.26,few clouds
496,Bilma,GA,18.6853,12.9164,93.9,26,95,6.76,overcast clouds
497,Zavitinsk,GA,50.1167,129.45,65.62,92,18,1.7,few clouds
498,Karabanovo,GA,56.3167,38.7,56.16,81,53,8.34,broken clouds
499,San Felipe,GA,10.3399,-68.7425,80.8,77,74,2.13,broken clouds
500,Berlevag,GA,70.8578,29.0864,62.4,94,100,2.3,light rain
501,Beloha,GA,-25.1667,45.05,64.35,82,1,5.46,clear sky
502,Santa Cruz,GA,-17.8,-63.1667,80.65,54,75,16.11,broken clouds
503,Sokol,GA,59.4617,40.1206,58.77,75,85,5.21,overcast clouds
504,Tura,GA,25.5198,90.2201,74.12,97,100,3.78,overcast clouds
505,Linxia,GA,35.6003,103.2064,47.8,85,1,3.85,clear sky
506,Tateyama,GA,34.9833,139.8667,81.1,87,24,14.72,few clouds
507,Shieli,GA,44.1667,66.75,89.26,22,0,10.33,clear sky
508,Tuktoyaktuk,GA,69.4541,-133.0374,53.6,94,100,6.91,light rain
509,Brownsville,GA,25.9018,-97.4975,96.8,56,0,18.41,clear sky
510,Tessalit,GA,20.1986,1.0114,89.49,34,77,11.27,broken clouds
511,Natal,GA,-5.795,-35.2094,75.42,94,75,4.61,broken clouds
512,Sistranda,GA,63.7256,8.834,53.56,84,100,19.95,overcast clouds
513,Mon,GA,26.75,95.1,71.55,99,100,1.81,overcast clouds
514,Isangel,GA,-19.55,169.2667,79.09,75,3,16.22,clear sky
515,Xianshuigu,GA,38.985,117.3828,78.8,78,0,2.24,clear sky
516,Miyako,GA,39.6367,141.9525,71.11,89,88,0.16,overcast clouds
517,Nemuro,GA,43.3236,145.575,58.8,87,0,5.86,clear sky
518,Constitucion,GA,-35.3333,-72.4167,54.34,86,48,10.49,scattered clouds
519,Manavalakurichi,GA,8.1333,77.3,77.49,87,100,14.38,overcast clouds
520,San Vicente De Canete,GA,-13.0751,-76.3835,62.56,80,16,7.56,few clouds
521,Kluang,GA,2.0251,103.3328,74.25,95,88,1.57,overcast clouds
522,Shitanjing,GA,39.2342,106.3439,61,47,88,4.36,overcast clouds
523,Cockburn Town,GA,21.4612,-71.1419,84.16,70,40,17.27,scattered clouds
524,Terrace,GA,54.5163,-128.6035,75.11,40,20,12.66,few clouds
525,Maningrida,GA,-12.0667,134.2667,56.32,83,76,8.7,broken clouds
526,Manacapuru,GA,-3.2997,-60.6206,77.7,85,95,1.48,moderate rain
527,Tsaratanana,GA,-16.7833,47.65,63.07,72,1,13.42,clear sky
528,Punta De Piedra,GA,7.6176,-71.4916,77.11,93,99,1.74,overcast clouds
529,Jodhpur,GA,26.2867,73.03,84.24,68,100,16.96,overcast clouds
530,Amahai,GA,-3.3333,128.9167,75.49,79,74,5.73,broken clouds
531,Arequipa,GA,-16.3989,-71.535,62.67,29,0,6.91,clear sky
532,Pastos Bons,GA,-6.6017,-44.0767,80.08,36,31,4.79,scattered clouds
533,Kruisfontein,GA,-34.0033,24.7314,49.78,88,21,4.65,few clouds
534,Alofi,GA,-19.0595,-169.9187,78.69,69,40,8.05,scattered clouds
535,Bardejov,GA,49.2918,21.2727,64.27,58,5,1.83,clear sky
536,Fort Saint James,GA,54.4333,-124.25,76.68,26,46,7.83,scattered clouds
537,Lethem,GA,3.3803,-59.7968,79.74,82,95,6.82,overcast clouds
538,Mogadishu,GA,2.0371,45.3438,75.81,86,79,18.57,broken clouds
539,Antalaha,GA,-14.9003,50.2788,65.68,91,69,7.38,light rain
540,Lixourion,GA,38.2019,20.4314,82.4,51,0,0,clear sky
541,Buraydah,GA,26.326,43.975,90.05,12,12,8.68,few clouds
542,Kevsala,GA,45.7983,42.6903,64.38,44,10,11.83,clear sky
543,Iracoubo,GA,5.4802,-53.2011,78.24,85,19,8.81,few clouds
544,Baykit,GA,61.67,96.37,55.56,88,24,2.44,few clouds
545,Ola,GA,59.5833,151.2833,70.14,69,86,3.06,overcast clouds
546,Olinda,GA,-8.0089,-34.8553,76.73,78,40,6.91,scattered clouds
547,Alice Springs,GA,-23.7,133.8833,33.35,75,0,0,clear sky
548,Kibaya,GA,-5.3,36.5667,51.94,92,7,3.98,clear sky
549,Smithers,GA,54.7804,-127.1743,71.92,43,20,6.91,few clouds
550,Strezhevoy,GA,60.7333,77.5889,54.91,95,100,5.66,light rain
551,Uruzgan,GA,32.8333,66,79.03,16,0,0.51,clear sky
552,Sarishabari,GA,24.7333,89.8333,80.98,90,100,9.95,moderate rain
553,Bonavista,GA,48.6499,-53.1147,59.09,87,40,9.15,scattered clouds
554,Sindor,GA,62.8629,51.8905,63.16,62,97,1.41,overcast clouds
555,Gat,GA,31.61,34.7642,77.68,100,3,2.37,clear sky
556,Port Pirie,GA,-33.1833,138.0167,53.91,75,100,9.42,overcast clouds
557,Domna,GA,51.8971,113.1573,60.96,93,76,4.47,broken clouds
558,Dali,GA,25.7,100.1833,61.56,90,92,1.19,overcast clouds
559,Isoka,GA,-10.1606,32.6335,55.8,75,9,2.35,clear sky
560,Bayji,GA,34.9311,43.487,91.67,18,0,12.37,clear sky
561,Ahuimanu,GA,21.4447,-157.8378,83.91,68,40,19.57,scattered clouds
562,Sioux Lookout,GA,50.1001,-91.917,77.07,44,40,12.66,scattered clouds
563,Kotelnikovo,GA,47.6317,43.1461,65.05,56,8,6.51,clear sky
564,Pechora,GA,65.1472,57.2244,49.15,61,17,8.59,few clouds
565,Harrisburg,GA,40.2737,-76.8844,92.37,47,40,12.66,scattered clouds
566,Pavilosta,GA,56.8879,21.1859,60.71,66,8,7.29,clear sky
567,Krasnoselkup,GA,65.7,82.4667,50.38,81,83,5.41,broken clouds
568,Pontypool,GA,51.7011,-3.0444,65.89,73,96,4,overcast clouds
569,Mayumba,GA,-3.432,10.6554,70.11,94,58,7.4,broken clouds
570,Buchanan,GA,5.8808,-10.0467,76.15,79,100,9.91,overcast clouds
571,Balingasay,GA,16.3573,119.8564,82.49,75,68,9.66,broken clouds
572,Cayenne,GA,4.9333,-52.3333,83.08,1,20,1.14,few clouds
573,Wanning,GA,18.8003,110.3967,79.27,88,19,2.57,few clouds
574,Manzhouli,GA,49.6,117.4333,71.24,68,55,4.43,broken clouds
575,Zyryanka,GA,65.75,150.85,56.46,52,12,3.89,few clouds
576,Neuquen,GA,-38.9516,-68.0591,51.69,50,0,2.3,clear sky
577,Abu Dhabi,GA,24.4667,54.3667,96.91,54,0,4.61,clear sky
578,Talara,GA,-4.5772,-81.2719,74.16,64,0,18.41,clear sky
579,Maryborough,GA,-25.5333,152.7,61.66,95,100,10.65,light rain
580,Rio Grande,GA,-32.035,-52.0986,62.71,99,100,9.86,moderate rain
581,Leiyang,GA,26.4024,112.8591,78.3,87,11,5.17,few clouds
582,Muroto,GA,33.2833,134.15,79.74,84,12,10.6,few clouds
583,Tabuk,GA,17.4189,121.4443,75.11,90,2,3.71,clear sky
584,Ixtapa,GA,20.7,-105.2,90.23,79,20,11.5,few clouds
585,Skibbereen,GA,51.55,-9.2667,56.1,88,100,1.83,overcast clouds
586,Nerchinskiy Zavod,GA,51.3088,119.61,63.61,90,21,1.54,few clouds
587,San Rafael,GA,-34.6177,-68.3301,52.23,50,0,2.84,clear sky
588,Bell Ville,GA,-32.6259,-62.6887,54.66,45,100,4.43,overcast clouds
589,Lashio,GA,22.9333,97.75,68.11,99,94,1.57,overcast clouds
590,Vanavara,GA,60.34,102.2797,56.75,82,92,2.82,overcast clouds
591,El Naranjo,GA,21.4667,-98.6,98.65,31,46,9.98,scattered clouds
592,Aksu,GA,41.1231,80.2644,76.59,28,0,4.27,clear sky
593,Broome,GA,42.2506,-75.833,89.71,51,20,13.8,few clouds
594,Torrevieja,GA,37.9787,-0.6822,81.72,81,0,1.01,clear sky
595,Eenhana,GA,-17.4667,16.3333,55.92,35,0,6.38,clear sky
596,Stornoway,GA,58.2093,-6.3865,54.93,84,75,1.99,broken clouds
597,Paragominas,GA,-2.9667,-47.4833,76.73,58,10,2.04,clear sky
598,Itaituba,GA,-4.2761,-55.9836,79.57,68,77,1.34,broken clouds
599,Khasan,GA,42.4308,130.6434,67.59,98,100,2.62,overcast clouds
600,Vostochnyy,GA,55.8167,37.8667,62.98,76,62,9.33,broken clouds
601,Carrollton,GA,32.9537,-96.8903,103.35,42,0,12.66,clear sky
602,Nouadhibou,GA,20.931,-17.0347,75.18,88,22,10.36,few clouds
603,Umm Lajj,GA,25.0213,37.2685,86.58,56,6,8.5,clear sky
604,Orocue,GA,4.7912,-71.3354,76.19,86,99,3.62,overcast clouds
605,Wewak,GA,-3.5534,143.6268,80.4,83,94,5.77,overcast clouds
606,Lavrentiya,GA,65.5833,-171,41.11,79,100,20.69,overcast clouds
607,Avenal,GA,36.0041,-120.129,102.54,10,43,4.88,scattered clouds
608,Trapani,GA,37.8333,12.6667,82.27,74,0,3.44,clear sky
609,Tungor,GA,53.3808,142.9564,54.9,88,100,13.89,overcast clouds
610,Arlit,GA,18.7369,7.3853,97.41,13,21,9.86,few clouds
611,Luau,GA,-10.7073,22.2247,71.28,36,99,3.38,overcast clouds
612,Jiayuguan,GA,39.8167,98.3,64.15,30,0,3.62,clear sky
613,Dickson,GA,36.077,-87.3878,96.84,41,0,11.5,haze
614,Khowai,GA,24.1,91.6333,77.56,97,100,3.47,overcast clouds
615,Galveston,GA,29.3669,-94.9669,96.1,66,20,14.97,few clouds
616,Bossangoa,GA,6.4926,17.4552,71.11,97,100,2.46,overcast clouds
617,Carman,GA,49.4992,-98.0016,80.94,59,3,11.34,clear sky
618,Pierre,GA,44.3683,-100.351,94.28,27,0,11.5,clear sky
619,Bilecik,GA,40,30.1667,59.68,77,0,3.89,clear sky
620,Vinstra,GA,61.5952,9.7523,56.75,92,38,5.84,scattered clouds
621,Willowmore,GA,-33.2926,23.4895,45.81,59,6,2.46,clear sky
622,Wahiawa,GA,21.5028,-158.0236,80.92,65,75,11.5,broken clouds
623,Meiganga,GA,6.5167,14.3,65.93,96,100,3.09,overcast clouds
624,Ust-Tsilma,GA,65.441,52.1498,52.79,74,21,5.1,few clouds
625,Ongandjera,GA,-17.8833,15.0667,61,26,0,8.95,clear sky
626,Kawalu,GA,-7.3817,108.2082,71.58,98,100,2.26,overcast clouds
627,Topolobampo,GA,25.6,-109.05,96.71,41,0,16.11,clear sky
628,Krutinka,GA,56.0055,71.5113,54.45,98,53,8.9,broken clouds
629,De-Kastri,GA,51.4667,140.7833,56.88,97,100,5.46,overcast clouds
630,Saku,GA,36.2167,138.4833,71.76,93,99,1.66,overcast clouds
631,Tirlyanskiy,GA,54.2109,58.5806,50.65,95,79,2.86,broken clouds
632,Tucurui,GA,-3.7661,-49.6725,78.19,62,38,3.76,scattered clouds
633,Qiongshan,GA,20.0058,110.3542,76.98,100,0,2.24,clear sky
634,Rocha,GA,-34.4833,-54.3333,49.24,92,100,6.6,overcast clouds
635,Malakal,GA,9.5334,31.6605,71.85,85,100,2.93,overcast clouds
636,Adrar,GA,20.5022,-10.0711,93.76,30,88,0.69,light rain
637,Raudeberg,GA,61.9875,5.1352,52.47,82,67,10.69,broken clouds
638,Archidona,GA,37.0965,-4.3887,72.41,73,0,7.25,clear sky
639,Rabo De Peixe,GA,37.8,-25.5833,74.28,64,75,4.61,broken clouds
640,Dickinson,GA,29.4608,-95.0513,99.09,63,40,17.27,scattered clouds
641,Port Blair,GA,11.6667,92.75,78.84,94,100,2.3,mist
642,Geilo,GA,60.5333,8.2076,54.39,74,78,7.49,broken clouds
643,Skjervoy,GA,70.0311,20.9714,55.4,88,100,6.49,overcast clouds
644,Qunduz,GA,36.729,68.857,90.28,14,0,5.59,clear sky
645,Urumqi,GA,43.801,87.6005,68.95,33,0,4.47,clear sky
646,Mantua,GA,45.1667,10.7833,85.24,61,0,5.01,clear sky
647,Flin Flon,GA,54.7682,-101.865,69.64,52,75,11.5,broken clouds
648,Great Yarmouth,GA,52.6083,1.7305,61.45,80,25,7.49,scattered clouds
649,Port Augusta,GA,-32.5,137.7667,50.83,83,100,6.71,overcast clouds
650,Payakumbuh,GA,-0.2202,100.6308,69.08,96,90,1.45,overcast clouds
651,Chimbote,GA,-9.0853,-78.5783,63.48,80,69,10.45,broken clouds
652,Road Town,GA,18.4167,-64.6167,82.49,83,20,12.66,few clouds
653,Ayagoz,GA,47.9714,80.4392,66.15,47,73,7.02,broken clouds
654,Kiruna,GA,67.8557,20.2251,50.92,87,75,4.61,broken clouds
655,Ambon,GA,-3.6954,128.1814,76.23,16,20,8.05,few clouds
656,Ruwi,GA,23.5996,58.5507,85.69,71,15,6.42,few clouds
657,Fortuna,GA,40.5982,-124.1573,68.94,74,41,3,scattered clouds
658,Ilo,GA,-17.6394,-71.3375,59.94,84,71,5.17,broken clouds
659,Nome,GA,64.5011,-165.4064,47.16,76,100,11.5,overcast clouds
660,Vrangel,GA,42.7297,133.0839,64.44,95,100,6.53,overcast clouds
661,The Pas,GA,53.8251,-101.2541,69.82,56,40,17.27,scattered clouds
662,Beihai,GA,21.4833,109.1,83.39,78,44,12.19,scattered clouds
663,Osa,GA,57.2829,55.4567,54.43,90,5,1.63,clear sky
664,Diapaga,GA,12.0708,1.7889,77.18,77,70,4.97,broken clouds
665,Hervey Bay,GA,-25.2986,152.8535,63.99,88,99,22.55,overcast clouds
666,Chkalovsk,GA,56.7647,43.2433,59.86,87,60,10.92,broken clouds
667,Massakory,GA,12.996,15.7293,85.66,62,71,3.27,broken clouds
668,Port-Cartier,GA,50.0334,-66.8654,68.76,88,100,8.32,heavy intensity rain
669,Bar Harbor,GA,44.3876,-68.2039,75.94,85,75,12.66,broken clouds
670,Borazjan,GA,29.2666,51.2159,93.72,45,0,0.92,clear sky
671,San Juan,GA,-31.5375,-68.5364,58.55,29,0,6.11,clear sky
672,Dhidhdhoo,GA,6.8833,73.1,81.61,76,100,19.39,light rain
673,Saint Anthony,GA,45.0205,-93.218,88.34,35,0,18.41,clear sky
674,Zhigansk,GA,66.7697,123.3711,60.39,94,89,8.01,overcast clouds
675,Saint-Joseph,GA,-21.3667,55.6167,64.2,81,32,12.55,light rain
676,Maun,GA,-19.9833,23.4167,62.56,55,0,6.91,clear sky
677,Chara,GA,56.9064,118.2631,63.09,85,100,0.89,overcast clouds
678,Banda Aceh,GA,5.5577,95.3222,79.97,77,100,10.4,overcast clouds
679,Pangai,GA,-19.8,-174.35,80.71,74,20,11.5,few clouds
680,Meulaboh,GA,4.1363,96.1285,77.4,84,100,5.35,overcast clouds
681,Ponta Pora,GA,-22.5361,-55.7256,71.53,39,40,4.61,scattered clouds
682,Reconquista,GA,-29.15,-59.65,69.62,65,97,4.23,overcast clouds
683,San Jose,GA,37.3394,-121.895,95.9,39,0,10.36,clear sky
684,Omboue,GA,-1.5746,9.2618,71.91,90,84,7.02,broken clouds
685,Vangaindrano,GA,-23.35,47.6,63.12,89,14,3.89,light rain
686,Acarau,GA,-2.8856,-40.12,79.32,78,52,14.2,broken clouds
687,Prince Rupert,GA,54.3161,-130.3201,60.89,76,20,13.8,few clouds
688,Hamilton,GA,39.1834,-84.5333,91,48,0,10.36,clear sky
689,Ternate,GA,0.8,127.4,79.77,77,98,4.32,overcast clouds
690,Suez,GA,29.9737,32.5263,76.05,74,1,8.77,clear sky
691,Ayolas,GA,-27.4,-56.9,70.16,74,100,5.7,overcast clouds
692,Copiapo,GA,-27.3667,-70.3333,51.49,69,1,5.91,clear sky
693,Nyrob,GA,60.733,56.7202,56.01,85,85,1.3,overcast clouds
694,Pamplona,GA,42.8169,-1.6432,75.11,69,20,4.61,few clouds
695,Nkayi,GA,-4.1841,13.2884,75.4,68,38,5.35,scattered clouds
696,Gonbad-E Qabus,GA,37.25,55.1672,81,73,0,7,clear sky
697,Pyinmana,GA,19.7333,96.2167,75.42,97,100,3.44,overcast clouds
698,Kahului,GA,20.8947,-156.47,84.22,64,75,21.85,broken clouds
699,Houston,GA,29.7633,-95.3633,103.41,48,75,17.27,broken clouds
700,Geraldton,GA,-28.7667,114.6,54.01,87,100,9.22,overcast clouds
701,Vicksburg,GA,32.3526,-90.8779,93.43,62,0,11.5,clear sky
702,Chardara,GA,41.2547,67.9692,82.2,23,0,10.31,clear sky
703,Kropotkin,GA,45.4375,40.5756,59.09,65,2,6.89,clear sky
704,Port-Gentil,GA,-0.7193,8.7815,75.16,88,40,8.05,scattered clouds
